Date,Name,Year,Letterboxd URI,Rating,Rewatch,Tags,Watched Date
2024-03-08,2001: A Space Odyssey,1968,https://boxd.it/6005hp,4.5,,,2024-03-04
2024-03-07,Stargate,1994,https://boxd.it/5ZJ2i1,2.5,,,2024-03-06
2024-03-08,Videodrome,1983,https://boxd.it/5ZWCiR,5,,,2024-03-07
2024-03-08,Rear Window,1954,https://boxd.it/604D3T,5,,,2024-03-07
2024-03-09,Snake Eyes,1998,https://boxd.it/60w9et,4,,,2024-03-08
2024-03-10,Priscilla,2023,https://boxd.it/61fAMH,3,,,2024-03-09
2024-03-11,Vale o Escrito: A Guerra do Jogo do Bicho,2023,https://boxd.it/61l3ep,3.5,,,2024-03-10
2024-03-11,A German Youth,2015,https://boxd.it/61vvTP,5,Yes,,2024-03-10
2024-03-11,District 9,2009,https://boxd.it/61Ggrt,0.5,,,2024-03-10
2024-03-12,Dr. Strangelove or: How I Learned to Stop Worrying and Love the Bomb,1964,https://boxd.it/61UP85,4,,,2024-03-11
2024-03-12,Starship Troopers,1997,https://boxd.it/62994v,4,,,2024-03-11
2024-03-13,Harakiri,1962,https://boxd.it/62xbJD,5,,,2024-03-12
2024-03-13,Beyond the Infinite Two Minutes,2020,https://boxd.it/62z5Nj,3.5,Yes,,2024-03-12
2024-03-18,The Birds,1963,https://boxd.it/64T26T,5,,,2024-03-17
2024-03-22,Mango Yellow,2002,https://boxd.it/66yPxl,3.5,,,2024-03-21
2024-03-26,The Red Light Bandit,1968,https://boxd.it/68xd0z,4,,,2024-03-25
2024-03-27,La Haine,1995,https://boxd.it/68X5G5,4,,,2024-03-26
2024-03-29,Entranced Earth,1967,https://boxd.it/69I3k1,4,,,2024-03-28
2024-03-30,Thanksgiving,2023,https://boxd.it/6adYqR,3.5,,,2024-03-29
2024-03-31,Pictures of Ghosts,2023,https://boxd.it/6aGwV1,3.5,,,2024-03-30
2024-04-01,Carrie,2013,https://boxd.it/6bpKqB,1.5,,,2024-03-31
2024-04-01,Carrie,1976,https://boxd.it/6bCZYz,4,,,2024-03-31
2024-04-02,Twenty Years Later,1984,https://boxd.it/6bWcbt,5,,,2024-04-01
2024-04-03,The Battle of Algiers,1966,https://boxd.it/6cpfBn,4.5,,,2024-04-02
2024-04-06,Johnny Guitar,1954,https://boxd.it/6dBDBJ,4,,,2024-04-05
2024-04-08,Hard Labor,2011,https://boxd.it/6eEOjV,4,,,2024-04-07
2024-04-10,Black Panthers,1968,https://boxd.it/6fgyWN,5,,,2024-04-09
2024-04-10,Hello Cubans,1963,https://boxd.it/6fkPS7,5,,,2024-04-09
2024-04-12,Garden of War,1968,https://boxd.it/6fZeqn,5,,,2024-04-11
2024-04-12,Memories of Underdevelopment,1968,https://boxd.it/6gbbyd,4.5,,,2024-04-12
2024-04-13,Monster,2023,https://boxd.it/6guuy5,3.5,,,2024-04-12
2024-04-14,Solaris,1972,https://boxd.it/6gX24J,4.5,,,2024-04-13
2024-04-15,Judas and the Black Messiah,2021,https://boxd.it/6hgm0P,4,,,2024-04-14
2024-04-21,August: Osage County,2013,https://boxd.it/6jCdHd,3.5,,,2024-04-20
2024-04-22,Property,2022,https://boxd.it/6k6NsD,3.5,,,2024-04-21
2024-04-25,Movie Dementia,1986,https://boxd.it/6lfj5B,4,,,2024-04-24
2024-05-01,The Guns,1964,https://boxd.it/6nGvaZ,5,,,2024-04-30
2024-05-02,A Clockwork Orange,1971,https://boxd.it/6obuWl,4,,,2024-05-01
2024-05-03,John Was Trying to Contact Aliens,2020,https://boxd.it/6os3Il,3.5,,,2024-05-02
2024-05-11,Four Days in September,1997,https://boxd.it/6rNKLh,2.5,,,2024-05-09
2024-05-11,Fake Blonde,2007,https://boxd.it/6rRBYf,4.5,,,2024-05-10
2024-05-11,The Woman of Everyone,1969,https://boxd.it/6rZur5,5,,,2024-05-10
2024-05-13,Godzilla Minus One,2023,https://boxd.it/6sHzxZ,4,,,2024-05-12
2024-05-14,Girls from ABC,2003,https://boxd.it/6tgghj,3.5,,,2024-05-13
2024-05-20,Le Bonheur,1965,https://boxd.it/6vjNaf,5,,,2024-05-19
2024-05-22,Late Night with the Devil,2023,https://boxd.it/6w7Ugf,2,,,2024-05-20
2024-05-22,Shine Your Eyes,2020,https://boxd.it/6wlQyx,3,,,2024-05-21
2024-05-25,The Cabinet of Dr. Caligari,1920,https://boxd.it/6xzCkX,4.5,,,2024-05-24
2024-05-25,Bizarre Fish from the Abyssal Zone,2023,https://boxd.it/6xzDp5,3,,,2024-05-24
2024-05-26,The Wicker Man,1973,https://boxd.it/6xKxkl,5,,,2024-05-25
2024-05-26,Broken Embraces,2009,https://boxd.it/6xSGZ9,4,,,2024-05-25
2024-05-31,Bicycle Thieves,1948,https://boxd.it/6zWhfr,5,,,2024-05-30
2024-05-31,Vertigo,1958,https://boxd.it/6A4zmL,5,,,2024-05-30
2024-06-01,Psycho,1960,https://boxd.it/6AEvpN,5,,,2024-05-31
2024-06-02,The Pastor and the Revolutionary,2022,https://boxd.it/6ARJQJ,2.5,,,2024-06-01
2024-06-02,Rope,1948,https://boxd.it/6B72Vt,3.5,,,2024-06-02
2024-06-04,"As Above, So Below",2014,https://boxd.it/6BREOx,4.5,,,2024-06-03
2024-06-05,All the Women in the World,1966,https://boxd.it/6CdN1N,4,,,2024-06-04
2024-06-07,Furiosa: A Mad Max Saga,2024,https://boxd.it/6CI8qJ,3.5,,,2024-06-05
2024-06-10,"Master, a Building in Copacabana",2002,https://boxd.it/6E8aZn,4.5,,,2024-06-09
2024-06-10,The Baader Meinhof Complex,2008,https://boxd.it/6EdFOF,3.5,,,2024-06-09
2024-06-12,Rise of the Planet of the Apes,2011,https://boxd.it/6EZEqX,2.5,,,2024-06-11
2024-06-12,Dawn of the Planet of the Apes,2014,https://boxd.it/6F2esf,4,,,2024-06-11
2024-06-12,Absolute Majority,1964,https://boxd.it/6F2TBR,4,,,2024-06-11
2024-06-14,Cantos de Trabalho - Mutirão,1975,https://boxd.it/6FMWhx,3.5,,,2024-06-14
2024-06-15,Miserere Nobis,1983,https://boxd.it/6G3Bv3,5,,,2024-06-14
2024-06-15,Closes,1982,https://boxd.it/6G3BM9,5,,,2024-06-14
2024-06-15,Perequeté,1981,https://boxd.it/6G9aa5,5,,,2024-06-14
2024-06-15,Red Was the Color of Their Lips,1983,https://boxd.it/6G9aGF,5,,,2024-06-14
2024-06-15,Baltazar da Lomba,1982,https://boxd.it/6G9b85,4,,,2024-06-14
2024-06-17,The Face of Another,1966,https://boxd.it/6GOM3t,4,,,2024-06-16
2024-06-21,The Asphalt Kiss,2018,https://boxd.it/6Is6Nj,4,,,2024-06-20
2024-06-30,Across the Universe,2007,https://boxd.it/6LZZMN,2,,,2024-06-29
2024-07-01,Butterfly,1999,https://boxd.it/6MqEIT,4,,,2024-06-30
2024-07-09,When Evil Lurks,2023,https://boxd.it/6PY1Pr,2.5,,,2024-07-08
2024-07-14,The Vanishing,1988,https://boxd.it/6RRrfX,5,,,2024-07-13
2024-07-14,Ninotchka,1939,https://boxd.it/6RV0jr,3.5,,,2024-07-13
2024-07-14,The Hidden Tiger,2016,https://boxd.it/6RYkcB,4,,,2024-07-13
2024-07-15,The Glass House,2001,https://boxd.it/6SwAUR,1.5,,,2024-07-14
2024-07-15,Creepy,2016,https://boxd.it/6SBTqL,4,,,2024-07-14
2024-07-22,History of the Occult,2020,https://boxd.it/6VKlfz,3,,,2024-07-21
2024-07-29,Men,2022,https://boxd.it/6YWpB1,1,,,2024-07-28
2024-07-31,The First Omen,2024,https://boxd.it/6ZRR49,4,,,2024-07-30
2024-08-05,Afire,2023,https://boxd.it/724Loh,4,,,2024-08-04
2024-08-12,The Hateful Eight,2015,https://boxd.it/74Nt97,4,,,2024-08-11
2024-08-13,Dog Day Afternoon,1975,https://boxd.it/75ji1P,5,,,2024-08-12
2024-08-16,RoboCop,1987,https://boxd.it/76NtpH,4,,,2024-08-15
2024-08-18,MaXXXine,2024,https://boxd.it/77PM4L,2,,,2024-08-18
2024-08-19,The Discreet Charm of the Bourgeoisie,1972,https://boxd.it/78jHHN,4,,,2024-08-18
2024-08-20,Drive,2011,https://boxd.it/78Q1Tj,4,Yes,,2024-08-19
2024-08-20,John Wick,2014,https://boxd.it/78SGcp,3.5,,,2024-08-19
2024-08-21,John Wick: Chapter 2,2017,https://boxd.it/79leyl,4,,,2024-08-21
2024-08-21,12 Angry Men,1957,https://boxd.it/79lfA3,5,,,2024-08-21
2024-08-23,The Verdict,1982,https://boxd.it/7a6Psj,4,,,2024-08-22
2024-08-24,¡Las Sandinistas!,2018,https://boxd.it/7az9EZ,5,,,2024-08-23
2024-08-25,Possession,1981,https://boxd.it/7aZmfl,4.5,,,2024-08-24
2024-08-25,Ghost Dog: The Way of the Samurai,1999,https://boxd.it/7b6sUD,4,,,2024-08-24
2024-08-26,The Texas Chain Saw Massacre,1974,https://boxd.it/7btoSf,4,,,2024-08-25
2024-08-26,Opening Night,1977,https://boxd.it/7bAwaT,5,,,2024-08-25
2024-08-27,Longlegs,2024,https://boxd.it/7c5Mv1,2,,,2024-08-26
2024-08-28,Scarface,1983,https://boxd.it/7czJGP,3.5,,,2024-08-27
2024-08-29,Motel Destino,2024,https://boxd.it/7cZ1RB,4,,,2024-08-28
2024-09-02,Network,1976,https://boxd.it/7eyJB7,4,,,2024-09-01
2024-09-03,Trap,2024,https://boxd.it/7fnKyP,2.5,,,2024-09-02
2024-09-05,The Last Metro,1980,https://boxd.it/7gl6IP,3,,,2024-09-05
2024-09-08,The Tenant,1976,https://boxd.it/7hn0H5,5,,,2024-09-07
2024-09-09,Chinatown,1974,https://boxd.it/7hTa8X,4.5,,,2024-09-08
2024-09-13,Shutter,2004,https://boxd.it/7jN3rT,3.5,,,2024-09-13
2024-09-14,Limite,1931,https://boxd.it/7kfgiB,5,,,2024-09-14
2024-09-15,The Meg,2018,https://boxd.it/7kuYb5,2,,,2024-09-14
2024-09-16,See No Evil,1971,https://boxd.it/7l8WMt,3.5,,,2024-09-15
2024-09-17,The Beyond,1981,https://boxd.it/7lBdKP,4,,,2024-09-16
2024-09-18,Rebel Ridge,2024,https://boxd.it/7m3Yub,4,,,2024-09-18
2024-09-19,Blood and Black Lace,1964,https://boxd.it/7mnvQd,4,,,2024-09-18
2024-09-24,Heat,1995,https://boxd.it/7oGarH,5,,,2024-09-23
2024-09-24,"Salò, or the 120 Days of Sodom",1975,https://boxd.it/7oIIgH,5,,,2024-09-24
2024-09-30,Halloween,1978,https://boxd.it/7qUISD,3,,,2024-09-29
2024-10-01,Blink Twice,2024,https://boxd.it/7rHfkl,2.5,,,2024-09-30
2024-10-02,The Exterminating Angel,1962,https://boxd.it/7s6jSB,5,,,2024-10-01
2024-10-05,A Woman Under the Influence,1974,https://boxd.it/7th5E7,5,,,2024-10-04
2024-10-07,Cruising,1980,https://boxd.it/7ujf05,4.5,,,2024-10-06
2024-10-07,Scanners,1981,https://boxd.it/7uyRCL,5,,,2024-10-06
2024-10-07,Sorcerer,1977,https://boxd.it/7uD6Tl,5,,,2024-10-06
2024-10-10,Apartment 7A,2024,https://boxd.it/7vYxqV,4,,,2024-10-09
2024-10-11,Serpico,1973,https://boxd.it/7wxqXD,3.5,,,2024-10-11
2024-10-13,Rosemary's Baby,1968,https://boxd.it/7xfRsv,5,,,2024-10-12
2024-10-19,Night on Earth,1991,https://boxd.it/7Aq52j,4,,,2024-10-18
2024-10-19,The Phantom of Liberty,1974,https://boxd.it/7AqRWp,4,,,2024-10-18
2024-10-20,Belle de Jour,1967,https://boxd.it/7AF9tj,5,,,2024-10-19
2024-10-21,Wonder Woman 1984,2020,https://boxd.it/7BjHJZ,4,,,2024-10-20
2024-10-21,F for Fake,1973,https://boxd.it/7BxnOX,5,,,2024-10-20
2024-10-22,Belly,1998,https://boxd.it/7BQFdj,5,,,2024-10-21
2024-10-22,The Substance,2024,https://boxd.it/7Cb0KN,4,,,2024-10-21
2024-10-26,The Butterfly Effect,2004,https://boxd.it/7DXsXv,1.5,,,2024-10-25
2024-10-28,Coffee and Cigarettes,2003,https://boxd.it/7F5UaL,5,,,2024-10-27
2024-11-03,Matewan,1987,https://boxd.it/7Io3hz,4,,,2024-11-02
2024-11-03,The Gambler,1974,https://boxd.it/7IuSil,3.5,,,2024-11-03
2024-11-04,Death Proof,2007,https://boxd.it/7IPrxZ,5,Yes,,2024-11-03
2024-11-04,Kill Bill: Vol. 1,2003,https://boxd.it/7IULy9,3.5,,,2024-11-03
2024-11-04,Kill Bill: Vol. 2,2004,https://boxd.it/7J3srV,4,,,2024-11-03
2024-11-05,Vanishing Point,1971,https://boxd.it/7JBbpr,5,,,2024-11-04
2024-11-09,Rashomon,1950,https://boxd.it/7LcWdb,5,,,2024-11-08
2024-11-16,Used Cars,1980,https://boxd.it/7OCdAt,4,,,2024-11-15
2024-11-17,Theorem,1968,https://boxd.it/7P1mqn,5,,,2024-11-16
2024-11-17,Casa de Farinha,1970,https://boxd.it/7Pn5uB,5,,,2024-11-16
2024-11-17,Pulp Fiction,1994,https://boxd.it/7Pyrzl,4,,,2024-11-17
2024-11-18,I'm Still Here,2024,https://boxd.it/7PLF5P,5,,,2024-11-17
2024-11-18,Inglourious Basterds,2009,https://boxd.it/7Q19e3,3,,,2024-11-17
2024-11-21,Lady on the Bus,1978,https://boxd.it/7RagqR,4,,,2024-11-20
2024-11-21,Night and Fog,1956,https://boxd.it/7RbDxt,5,,,2024-11-20
2024-11-21,Beast,2021,https://boxd.it/7RkAWt,3,,,2024-11-20
2024-12-04,"Muriel, or the Time of Return",1963,https://boxd.it/7Y0czN,4,,,2024-12-03
2024-12-07,Frankenstein,1931,https://boxd.it/7ZipsP,3,,,2024-12-06
2024-12-08,The Golem: How He Came Into the World,1920,https://boxd.it/7ZyKhb,3.5,,,2024-12-07
2024-12-09,The Angel Was Born,1969,https://boxd.it/8095I5,3,,,2024-12-08
2024-12-09,Where Is the Friend's House?,1987,https://boxd.it/80dR8d,5,,,2024-12-08
2024-12-11,A Streetcar Named Desire,1951,https://boxd.it/81o8Ux,4,,,2024-12-10
2024-12-12,M,1931,https://boxd.it/81Go0r,5,,,2024-12-11
2024-12-12,Smile 2,2024,https://boxd.it/81SNRp,2,,,2024-12-11
2024-12-12,Falling Leaves,1912,https://boxd.it/81Tbn9,4,,,2024-12-11
2024-12-14,Strike,1925,https://boxd.it/82O1aN,3.5,,,2024-12-13
2024-12-14,The Driver,1978,https://boxd.it/832cUv,4,,,2024-12-14
2024-12-15,Blood of the Condor,1969,https://boxd.it/83ejHH,5,,,2024-12-14
2024-12-15,Dead for a Dollar,2022,https://boxd.it/83n0Bt,3.5,,,2024-12-14
2024-12-19,Dersu Uzala,1975,https://boxd.it/85Ex2N,5,,,2024-12-18
2024-12-21,Vivre Sa Vie,1962,https://boxd.it/86GhR9,3.5,,,2024-12-20
2024-12-23,The Spirit of the Beehive,1973,https://boxd.it/87TVGl,5,,,2024-12-22
2024-12-24,Juror #2,2024,https://boxd.it/88nbAV,3,Yes,,2024-12-22
2024-12-25,The Manchurian Candidate,1962,https://boxd.it/89jicx,4.5,,,2024-12-24
2024-12-26,Heretic,2024,https://boxd.it/8a2JSP,1.5,,,2024-12-25
2024-12-26,I Saw the TV Glow,2024,https://boxd.it/8ah5hf,1,,,2024-12-25
2024-12-27,The Zone of Interest,2023,https://boxd.it/8b7VUH,3,,,2024-12-26
2024-12-27,Night and Fog,1956,https://boxd.it/8bctqz,5,Yes,,2024-12-26
2024-12-28,Carol,2015,https://boxd.it/8ciumz,5,,,2024-12-28
2025-01-04,A Touch of Sin,2013,https://boxd.it/8ipDyH,4.5,,,2025-01-03
2025-01-04,Phoenix,2014,https://boxd.it/8iXPY1,5,,,2025-01-03
2025-01-06,Nosferatu,2024,https://boxd.it/8kMDyL,2.5,,,2025-01-05
2025-01-06,The Fire Within: A Requiem for Katia and Maurice Krafft,2022,https://boxd.it/8l8iqZ,4,,,2025-01-05
2025-01-06,Challengers,2024,https://boxd.it/8lfXbZ,4,,,2025-01-05
2025-01-09,A German Youth,2015,https://boxd.it/8nEB1L,5,Yes,,2025-01-08
2025-01-11,Ran,1985,https://boxd.it/8pfjV5,5,,,2025-01-10
2025-01-15,Princess Mononoke,1997,https://boxd.it/8tNQXH,4,,,2025-01-14
2025-01-22,In the Mood for Love,2000,https://boxd.it/8zb9Dd,5,,,2025-01-21
2025-01-24,Los Angeles Plays Itself,2003,https://boxd.it/8Ar2HD,5,,,2025-01-23
2025-01-24,"Paris, Texas",1984,https://boxd.it/8ANFcj,5,,,2025-01-23
2025-01-25,The Spook Who Sat by the Door,1973,https://boxd.it/8Bk72b,5,,,2025-01-24
2025-01-27,Black Sabbath,1963,https://boxd.it/8CUhbt,4,,,2025-01-26
2025-01-27,Marrowbone,2017,https://boxd.it/8DcYth,3,,,2025-01-26
2025-01-28,Rockers,1978,https://boxd.it/8DxPkn,5,,,2025-01-27
2025-01-30,Sweet Sweetback's Baadasssss Song,1971,https://boxd.it/8Fi7fh,5,,,2025-01-29
2025-01-30,Bring It On,2000,https://boxd.it/8Fpkxx,5,,,2025-01-29
2025-01-31,Baadasssss!,2003,https://boxd.it/8FOMSt,5,,,2025-01-30
2025-01-31,Killer of Sheep,1978,https://boxd.it/8FSJlz,5,,,2025-01-30
2025-01-31,My Brother's Wedding,1983,https://boxd.it/8FWmcd,4,,,2025-01-30
2025-02-01,The Seventh Seal,1957,https://boxd.it/8GiQKD,5,,,2025-01-31
2025-02-02,La Belle Noiseuse,1991,https://boxd.it/8H3i8f,4,,,2025-02-01
2025-02-02,Conclave,2024,https://boxd.it/8Hbf4P,2,,,2025-02-01
2025-02-02,Pickup on South Street,1953,https://boxd.it/8HsNiv,4,,,2025-02-01
2025-02-02,White Dog,1982,https://boxd.it/8HxrQl,5,,,2025-02-01
2025-02-03,"As Above, So Below",2014,https://boxd.it/8Ipkgt,4,Yes,,2025-02-02
2025-02-04,First Reformed,2017,https://boxd.it/8J1spp,4.5,,,2025-02-03
2025-02-05,My Favourite Cake,2024,https://boxd.it/8JHs3x,4,,,2025-02-04
2025-02-05,Blue Collar,1978,https://boxd.it/8JM6Y7,4,,,2025-02-04
2025-02-06,Gone in 60 Seconds,1974,https://boxd.it/8KgXlR,4,,,2025-02-05
2025-02-07,The Other Side of the Wind,2018,https://boxd.it/8KTq1R,3.5,,,2025-02-06
2025-02-08,Soundtrack to a Coup d'Etat,2024,https://boxd.it/8LrmfD,5,,,2025-02-07
2025-02-09,Bad Lieutenant,1992,https://boxd.it/8LQErx,5,,,2025-02-08
2025-02-09,Compasso de Espera,1969,https://boxd.it/8LVrgr,4,,,2025-02-08
2025-02-09,Videodrome,1983,https://boxd.it/8MuT4N,5,Yes,,2025-02-09
2025-02-10,Other Side of the Box,2018,https://boxd.it/8MHPol,3.5,,,2025-02-09
2025-02-10,Soul in the Eye,1973,https://boxd.it/8MJHit,4,,,2025-02-09
2025-02-11,The Black Power Mixtape 1967-1975,2011,https://boxd.it/8NCB83,3.5,,,2025-02-10
2025-02-14,Rio Babilonia,1982,https://boxd.it/8P2qpt,4.5,,,2025-02-13
2025-02-15,Sucker Punch,2011,https://boxd.it/8PKJsp,1,,,2025-02-14
2025-02-15,The Skeleton Key,2005,https://boxd.it/8PPcKv,3,,,2025-02-14
2025-02-16,Spirited Away,2001,https://boxd.it/8QwJLn,4,,,2025-02-15
2025-02-17,Alice in the Cities,1974,https://boxd.it/8Ru313,3.5,,,2025-02-16
2025-02-18,The Seven Kittens,1980,https://boxd.it/8RUdHP,4.5,,,2025-02-17
2025-02-18,Copacabana Mon Amour,1970,https://boxd.it/8S2IJ9,5,,,2025-02-17
2025-02-18,Capitu and the Chapter,2021,https://boxd.it/8SfN7F,3.5,,,2025-02-17
2025-02-20,The Steel Helmet,1951,https://boxd.it/8Tw8MZ,4,,,2025-02-20
2025-02-22,Den of Thieves,2018,https://boxd.it/8UGHLr,3,,,2025-02-22
2025-02-23,L.A. Confidential,1997,https://boxd.it/8V6eu9,4,,,2025-02-22
2025-02-23,Property Is No Longer a Theft,1973,https://boxd.it/8VjgUf,4,,,2025-02-22
2025-02-25,Under the Silver Lake,2018,https://boxd.it/8WJEYr,4,,,2025-02-24
2025-02-26,Clockers,1995,https://boxd.it/8XpqaV,2.5,,,2025-02-26
2025-03-01,Waiting for the Carnival,2019,https://boxd.it/8YYZKN,4,,,2025-02-28
2025-03-02,The Prestige,2006,https://boxd.it/8ZxGSt,2,,,2025-03-01
2025-03-02,Dreams Like Paper Boats,2024,https://boxd.it/8ZDVyZ,3.5,,,2025-03-01
2025-03-09,Le Mans,1971,https://boxd.it/93SNGn,4.5,,,2025-03-08
2025-03-10,Mad Max,1979,https://boxd.it/94ClEv,2,,,2025-03-09
2025-03-10,Mad Max 2,1981,https://boxd.it/94Kh1F,4,,,2025-03-09
2025-03-10,Wicked,2024,https://boxd.it/953D4f,3.5,,,2025-03-09
2025-03-15,Martyrs,2008,https://boxd.it/97W4ex,4.5,,,2025-03-14
2025-03-17,The Butcher,1970,https://boxd.it/9957bN,4,,,2025-03-16
2025-03-18,The Brood,1979,https://boxd.it/99Wh8l,4.5,,,2025-03-17
2025-03-19,Assault on the Pay Train,1962,https://boxd.it/9amGaD,4,,,2025-03-18
2025-03-22,Z,1969,https://boxd.it/9bYqll,5,,,2025-03-21
2025-03-23,At Midnight I'll Take Your Soul,1964,https://boxd.it/9cIaKh,4,,,2025-03-23
2025-03-24,Love Lies Bleeding,2024,https://boxd.it/9d419P,3,,,2025-03-23
2025-03-24,Elite Squad,2007,https://boxd.it/9d8MN1,3,,,2025-03-23
2025-03-25,"Spring, Summer, Fall, Winter... and Spring",2003,https://boxd.it/9dXucD,4.5,,,2025-03-24
2025-03-27,Hour of the Star,1985,https://boxd.it/9eYLH5,3.5,,,2025-03-26
2025-04-01,The Matrix,1999,https://boxd.it/9hZrQl,4,,,2025-04-01
2025-04-02,Kid,2015,https://boxd.it/9igh0N,4,,,2025-04-01
2025-04-03,"White Out, Black In",2014,https://boxd.it/9iJHDp,4,,,2025-04-02
2025-04-04,La Jetée,1962,https://boxd.it/9j9I3T,5,,,2025-04-03
2025-04-04,Isle of Flowers,1989,https://boxd.it/9ja01h,5,,,2025-04-03
2025-04-04,This Is Not Your Life,1991,https://boxd.it/9jam8f,5,,,2025-04-03
2025-04-04,Subterrâneos do Futebol,1965,https://boxd.it/9jbmr9,4.5,,,2025-04-03
2025-04-04,Le Trou,1960,https://boxd.it/9jpbXL,4.5,,,2025-04-03
2025-04-09,Full Metal Jacket,1987,https://boxd.it/9m5Vop,4,,,2025-04-08
2025-04-11,High Noon,1952,https://boxd.it/9nfPSn,4,,,2025-04-10
2025-04-11,In a Lonely Place,1950,https://boxd.it/9niEh7,4,,,2025-04-10
2025-04-12,Death of a Cyclist,1955,https://boxd.it/9nx8sH,5,,,2025-04-11
2025-04-12,Assault on Precinct 13,1976,https://boxd.it/9nCmgZ,3.5,,,2025-04-11
2025-04-12,Jamon Jamon,1992,https://boxd.it/9nMMkt,4.5,,,2025-04-11
2025-04-14,The Day of the Jackal,1973,https://boxd.it/9oNH1R,2.5,,,2025-04-13
2025-04-14,Two-Lane Blacktop,1971,https://boxd.it/9p271V,5,,,2025-04-13
2025-04-14,Fast Company,1979,https://boxd.it/9p5TNz,1,,,2025-04-13
2025-04-14,Embrace of the Serpent,2015,https://boxd.it/9pd8xb,4,,,2025-04-13
2025-04-15,Zabriskie Point,1970,https://boxd.it/9pLokl,5,,,2025-04-15
2025-04-17,Stalker,1979,https://boxd.it/9qKn4D,5,,,2025-04-16
2025-04-18,Stroszek,1977,https://boxd.it/9r4Xyp,4,,,2025-04-17
2025-04-20,Diabolique,1955,https://boxd.it/9sHUph,3.5,,,2025-04-19
2025-04-21,A Lizard in a Woman's Skin,1971,https://boxd.it/9tmc0p,4.5,,,2025-04-20
2025-04-21,The Watermelon Woman,1996,https://boxd.it/9tsGvz,4.5,,,2025-04-20
2025-04-22,Ikarie XB 1,1963,https://boxd.it/9tXOrd,2,,,2025-04-21
2025-04-22,The Fly,1986,https://boxd.it/9u9ajH,4.5,,,2025-04-21
2025-04-22,The Devil's Advocate,1997,https://boxd.it/9ufpDJ,3,,,2025-04-21
2025-04-26,Bring Me the Head of Alfredo Garcia,1974,https://boxd.it/9wkqJ7,4,,,2025-04-25
2025-04-27,The Thing,1982,https://boxd.it/9x1cLz,4,,,2025-04-26
2025-04-27,Zombie Flesh Eaters,1979,https://boxd.it/9x968d,4.5,,,2025-04-27
2025-04-29,"Duck, You Sucker",1971,https://boxd.it/9ybbWP,4.5,,,2025-04-28
2025-04-30,The Man Who Shot Liberty Valance,1962,https://boxd.it/9yHUzF,4,,,2025-04-29
2025-05-02,Sinners,2025,https://boxd.it/9zEQZ3,4,,,2025-05-01
2025-05-02,Black Bag,2025,https://boxd.it/9zKBZ5,2.5,,,2025-05-01
2025-05-02,Final Destination,2000,https://boxd.it/9zNBGN,2,,,2025-05-01
2025-05-03,Final Destination 2,2003,https://boxd.it/9A5kGn,1.5,,,2025-05-02
2025-05-03,Presence,2024,https://boxd.it/9AdnYl,1,,,2025-05-02
2025-05-04,The Stepford Wives,1975,https://boxd.it/9AXTwb,4,,,2025-05-03
2025-05-05,Me Beija,1984,https://boxd.it/9BthCf,3.5,,,2025-05-04
2025-05-05,The Hour and Turn of Augusto Matraga,1965,https://boxd.it/9BAsXn,5,,,2025-05-04
2025-05-05,The Dare,1965,https://boxd.it/9BKsIx,5,,,2025-05-04
2025-05-05,The Margin,1967,https://boxd.it/9BOJiz,5,,,2025-05-04
2025-05-08,Dreams,1990,https://boxd.it/9DthjP,5,,,2025-05-07
2025-05-12,Ashes and Diamonds,1958,https://boxd.it/9FsPqL,3,,,2025-05-11
2025-05-13,Samba Traoré,1992,https://boxd.it/9GmXfN,3.5,,,2025-05-12
2025-05-14,Araby,2017,https://boxd.it/9GRDcB,4,,,2025-05-13
2025-05-15,Greice,2024,https://boxd.it/9HocSL,5,,,2025-05-14
2025-05-16,Blackmail,1929,https://boxd.it/9HP1SJ,3.5,,,2025-05-15
2025-05-17,Downfall,2004,https://boxd.it/9IaMXD,0.5,,,2025-05-16
2025-05-17,Warfare,2025,https://boxd.it/9IgcOR,2,,,2025-05-16
2025-05-25,Citizen Kane,1941,https://boxd.it/9N8vE1,4,,,2025-05-24
2025-05-26,Ganja & Hess,1973,https://boxd.it/9O1d3r,5,,,2025-05-25
2025-05-28,King of New York,1990,https://boxd.it/9Pl5sH,3.5,,,2025-05-27
2025-05-30,The Lobster,2015,https://boxd.it/9QurE3,1.5,,,2025-05-29
2025-05-31,Uptight,1968,https://boxd.it/9R4tKp,3.5,,,2025-05-30
2025-06-01,Babylon,1980,https://boxd.it/9ROiFv,4,,,2025-05-31
2025-06-02,A Trip to the Moon,1902,https://boxd.it/9S8MXf,,,,2025-06-01
2025-06-02,One Cut of the Dead,2017,https://boxd.it/9SsFIH,5,,,2025-06-01
2025-06-02,Phantom of the Paradise,1974,https://boxd.it/9Sxk9L,4,,,2025-06-01
2025-06-03,Carlito's Way,1993,https://boxd.it/9T6suR,4,,,2025-06-02
2025-06-05,About Extra Hours and Volunteer Work,1973,https://boxd.it/9Uk7tv,4.5,,,2025-06-05
2025-06-06,"Local Power, Popular Power",1970,https://boxd.it/9UIwF5,5,,,2025-06-05
2025-06-06,One Way or Another,1975,https://boxd.it/9ULi1L,5,,,2025-06-05
2025-06-07,Human Traffic,1999,https://boxd.it/9Vh5YT,3.5,,,2025-06-06
2025-06-07,The Given Word,1962,https://boxd.it/9Vmxyp,5,,,2025-06-06
2025-06-09,Black Christmas,1974,https://boxd.it/9WJdxh,5,,,2025-06-08
2025-06-10,Jacob's Ladder,1990,https://boxd.it/9Xjb5d,2.5,,,2025-06-09
2025-06-10,Red Rooms,2023,https://boxd.it/9XoUKv,4,,,2025-06-09
2025-06-11,Menace II Society,1993,https://boxd.it/9XYXYH,3.5,,,2025-06-10
2025-06-12,Pickpocket,1959,https://boxd.it/9YyGYd,4,,,2025-06-11
2025-06-13,Golden Mouth,1963,https://boxd.it/9Z5Ag1,4,,,2025-06-12
2025-06-13,The Devil's Own,1997,https://boxd.it/9ZdLGZ,2,,,2025-06-13
2025-06-22,Porto das Caixas,1963,https://boxd.it/a4UcA9,4,,,2025-06-21
2025-06-23,In the Heat of the Night,1967,https://boxd.it/a5rmvz,3.5,,,2025-06-22
2025-06-24,Mandinga de Gorila,2024,https://boxd.it/a6oTxV,5,,,2025-06-23
2025-06-24,Não Olhe Para Mim,2024,https://boxd.it/a6q5xb,5,,,2025-06-23
2025-06-25,Obsession,1976,https://boxd.it/a73v19,5,,,2025-06-24
2025-06-27,Portrait of a Lady on Fire,2019,https://boxd.it/a8fWvj,5,,,2025-06-26
2025-06-30,City of the Living Dead,1980,https://boxd.it/aa8BqL,3,,,2025-06-29
2025-06-30,Rabid Dogs,1974,https://boxd.it/aaf5PX,5,,,2025-06-29
2025-06-30,Civil War,2024,https://boxd.it/aaBSGp,2.5,,,2025-06-30
2025-07-01,White Heat,1949,https://boxd.it/aaZS3F,4,,,2025-06-30
2025-07-04,Umberto D.,1952,https://boxd.it/acYkh5,5,,,2025-07-03
2025-07-07,Dawn of the Dead,1978,https://boxd.it/aeF7Id,5,,,2025-07-06
2025-07-07,Persona,1966,https://boxd.it/aeKkjP,5,,,2025-07-06
2025-07-07,The Gospel According to St. Matthew,1964,https://boxd.it/af2XPL,4,,,2025-07-06
2025-07-08,Talk to Her,2002,https://boxd.it/afUu2N,3.5,,,2025-07-07
2025-07-09,Targets,1968,https://boxd.it/agx9jL,4.5,,,2025-07-08
2025-07-11,Queen & Slim,2019,https://boxd.it/ahB9Th,3.5,Yes,,2025-07-10
2025-07-12,Sinners,2025,https://boxd.it/aifugb,3,Yes,,2025-07-11
2025-07-13,The Devils,1971,https://boxd.it/ajpMI7,5,,,2025-07-12
2025-07-14,Same Old West,2024,https://boxd.it/ajTRwP,4,,,2025-07-13
2025-07-14,Cidade; Campo,2024,https://boxd.it/ak2e0t,3,,,2025-07-13
2025-07-14,The Murdered House,1971,https://boxd.it/akbD8F,5,,,2025-07-13
2025-07-14,The Big City,1966,https://boxd.it/akgZED,3.5,,,2025-07-13
2025-07-15,Outrage,1950,https://boxd.it/alc7Aj,4,,,2025-07-14
2025-07-16,The Devil Queen,1974,https://boxd.it/alVkD1,4,,,2025-07-15
2025-07-17,Malu,2024,https://boxd.it/amxvwr,5,,,2025-07-16
2025-07-19,Dirty Mary Crazy Larry,1974,https://boxd.it/ao4SHd,3.5,,,2025-07-18
2025-07-21,Harry Dean Stanton: Partly Fiction,2012,https://boxd.it/apb2eV,4,,,2025-07-20
2025-07-26,Men and Women,1964,https://boxd.it/au15ML,5,,,2025-07-26
2025-07-28,God Told Me To,1976,https://boxd.it/avzk5p,4.5,,,2025-07-27
2025-07-30,Excitation,1977,https://boxd.it/axdJW3,4,,,2025-07-29
2025-08-01,Captains of the Sands,2011,https://boxd.it/ayRzkn,2.5,,,2025-07-31
2025-08-04,The Roaring Twenties,1939,https://boxd.it/aBgJNR,5,,,2025-08-03
2025-08-06,Bram Stoker's Dracula,1992,https://boxd.it/aCNP2n,4,,,2025-08-05
2025-08-08,Angel's Egg,1985,https://boxd.it/aEegqx,3,,,2025-08-07
2025-08-11,Blacula,1972,https://boxd.it/aGz7VV,4,,,2025-08-10
2025-08-13,The Searchers,1956,https://boxd.it/aIfhIl,2,,,2025-08-12
2025-08-18,That Most Important Thing: Love,1975,https://boxd.it/aLR10P,5,,,2025-08-17
2025-08-22,Coffy,1973,https://boxd.it/aOVm7d,4,,,2025-08-22
2025-08-24,Beau Travail,1999,https://boxd.it/aPJrS9,5,,,2025-08-23
2025-08-25,Stranger on the Prowl,1952,https://boxd.it/aQABd7,4,,,2025-08-24
2025-08-29,Pulse,2001,https://boxd.it/aTCzCb,4,,,2025-08-28
2025-09-01,Spellbound,1945,https://boxd.it/aVq3Dl,3.5,,,2025-08-31
2025-09-01,Manhunter,1986,https://boxd.it/aVL271,4,,,2025-08-31
2025-09-03,White Dog,1982,https://boxd.it/aXdD1T,5,Yes,,2025-09-02
2025-09-07,Battleship Potemkin,1925,https://boxd.it/aZvYoD,3,,,2025-09-06
2025-09-08,Superman,2025,https://boxd.it/b0Eq4B,4,,,2025-09-08
2025-09-11,A Man Escaped,1956,https://boxd.it/b23BmZ,4.5,,,2025-09-10
2025-09-11,Au Hasard Balthazar,1966,https://boxd.it/b27LSp,4,,,2025-09-10
2025-09-11,L'Argent,1983,https://boxd.it/b2d8gX,5,,,2025-09-10
2025-09-14,Four Nights of a Dreamer,1971,https://boxd.it/b3HqxB,5,,,2025-09-13
2025-09-15,Diary of a Country Priest,1951,https://boxd.it/b4jORr,3.5,,,2025-09-14
2025-09-17,"The Devil, Probably",1977,https://boxd.it/b5DS9R,4.5,,,2025-09-16
2025-09-17,Mouchette,1967,https://boxd.it/b5RY9L,4,,,2025-09-16
2025-09-18,The Trial of Joan of Arc,1962,https://boxd.it/b6fHZD,5,,,2025-09-17
2025-09-21,They Don't Wear Black Tie,1981,https://boxd.it/b7Qj7P,5,,,2025-09-20
2025-09-21,The Driver,1978,https://boxd.it/b7Z9Mr,3.5,Yes,,2025-09-20
2025-09-23,Rushmore,1998,https://boxd.it/b9fbpZ,3,,,2025-09-22
2025-09-24,Lancelot of the Lake,1974,https://boxd.it/babwKF,3,,,2025-09-24
2025-09-25,The Getaway,1972,https://boxd.it/bau1tB,3,,,2025-09-24
2025-09-27,The Little Prince,2015,https://boxd.it/bbC2At,3,,,2025-09-26
2025-09-29,Elite Squad: The Enemy Within,2010,https://boxd.it/bcLJbt,3.5,,,2025-09-28
2025-10-01,Thunderbolt and Lightfoot,1974,https://boxd.it/bdW1yT,4,,,2025-09-30
2025-10-01,Year of the Dragon,1985,https://boxd.it/be0gbD,4,,,2025-09-30
2025-10-02,Desperate Hours,1990,https://boxd.it/beK2Hd,4,,,2025-10-01
2025-10-03,Angels of Sin,1943,https://boxd.it/bfrgbV,3.5,,,2025-10-03
2025-10-03,The Deer Hunter,1978,https://boxd.it/bfuXWh,4.5,,,2025-10-03
2025-10-04,Viva Zapata!,1952,https://boxd.it/bfLqH3,3.5,,,2025-10-03
2025-10-05,Spontaneous Combustion,1989,https://boxd.it/bgn1v3,3.5,,,2025-10-04
2025-10-06,A Fistful of Dollars,1964,https://boxd.it/bh1q39,3,,,2025-10-05
2025-10-09,Vagabond,1985,https://boxd.it/bjcGxT,5,,,2025-10-08
2025-10-10,A Gentle Woman,1969,https://boxd.it/bjGKoB,4,,,2025-10-09
2025-10-11,Seconds,1966,https://boxd.it/bkb1nb,3.5,,,2025-10-10
2025-10-12,The Silence of Others,2018,https://boxd.it/bkFXJp,3,,,2025-10-11
2025-10-13,The Priest and the Girl,1966,https://boxd.it/blUO05,5,,,2025-10-12
2025-10-15,Strawberry and Chocolate,1993,https://boxd.it/bnee5H,5,,,2025-10-14
2025-10-16,The Assailant,2009,https://boxd.it/bnM1Np,2.5,,,2025-10-15
2025-10-16,Lessons of Darkness,1992,https://boxd.it/bnOJJl,5,,,2025-10-15
2025-10-17,Yella,2007,https://boxd.it/bonZaB,4.5,,,2025-10-16
2025-10-25,Daguerréotypes,1975,https://boxd.it/btw3fV,5,,,2025-10-24
2025-10-25,The Trial of Joan of Arc,1962,https://boxd.it/btzZcr,4,Yes,,2025-10-24
2025-10-25,The Woman Who Invented Love,1980,https://boxd.it/btEsxL,5,,,2025-10-24
2025-10-26,The Bloody Exorcism of Coffin Joe,1974,https://boxd.it/buq8jb,4,,,2025-10-25
2025-10-27,The Mighty Spirit,1999,https://boxd.it/bvoqGx,3.5,,,2025-10-26
2025-10-28,Saint Bernard,1972,https://boxd.it/bvQkcx,5,,,2025-10-27
2025-10-31,"Woman, Woman",1979,https://boxd.it/bxCcUh,4,,,2025-10-30
2025-11-03,Mulholland Drive,2001,https://boxd.it/bAsSan,4,,,2025-11-02
2025-11-08,The Given Word,1962,https://boxd.it/bD0hrx,5,Yes,,2025-11-06
2025-11-15,A German Youth,2015,https://boxd.it/bI7vtV,4.5,Yes,,2025-11-14
2025-11-22,Four Nights of a Dreamer,1971,https://boxd.it/bMQgx5,5,Yes,,2025-11-16
2025-11-28,A House of Dynamite,2025,https://boxd.it/bRpijv,2.5,,,2025-11-27
2025-11-28,One Battle After Another,2025,https://boxd.it/bRu1wH,2.5,,,2025-11-27
2025-12-04,Until Sbornia Do Us Part,2013,https://boxd.it/bVtCfd,3.5,,,2025-12-03
2025-12-10,La Jetée,1962,https://boxd.it/bZI9AH,5,Yes,,2025-12-09
2025-12-10,Tropical Paths,1977,https://boxd.it/bZITYF,5,,,2025-12-09
2025-12-10,Cat Skin,1962,https://boxd.it/bZJoxP,5,,,2025-12-09
2025-12-10,The Poet of the Castle,1959,https://boxd.it/bZJT3V,3.5,,,2025-12-09
2025-12-10,Improvised and Purposeful: Cinema Novo,1967,https://boxd.it/bZL3Yp,4,,,2025-12-09
2025-12-15,Dark City,1998,https://boxd.it/c36Ff7,3,,,2025-12-14
2025-12-17,The Blue Trail,2025,https://boxd.it/c58A6h,3.5,,,2025-12-16
2025-12-25,"The Good, the Bad and the Ugly",1966,https://boxd.it/cdss5x,3,,,2025-12-24
2025-12-26,Burst City,1982,https://boxd.it/ceMgoh,3,,,2025-12-25
2026-01-05,Sans Soleil,1983,https://boxd.it/crg8YT,4,,,2026-01-04
2026-01-05,Downtown '81,2000,https://boxd.it/cs1wMV,2.5,,,2026-01-04
2026-01-08,The Incredible Shrinking Man,1957,https://boxd.it/cvTCRR,5,,,2026-01-07
2026-01-10,Jaws,1975,https://boxd.it/cy4RRR,3,,,2026-01-09
2026-01-11,The Long Walk,2025,https://boxd.it/cyYwrl,0.5,,,2026-01-10
2026-01-12,Bugonia,2025,https://boxd.it/cAgDjX,3,,,2026-01-11
2026-01-12,No Other Choice,2025,https://boxd.it/cAwqGB,3.5,,,2026-01-11
2026-01-13,On the Beach at Night Alone,2017,https://boxd.it/cBRx7T,5,,,2026-01-12
