Date,Name,Year,Letterboxd URI,Rating,Rewatch,Review,Tags,Watched Date
2024-03-11,District 9,2009,https://boxd.it/61Ggrt,0.5,,"achei um filme imperialista pra caralho, dava pra trabalhar melhor ali √† divis√£o de classe que tem o filme, de forma a criar uma narrativa interessante alem do amor como motiva√ß√£o.",,2024-03-10
2024-03-13,Beyond the Infinite Two Minutes,2020,https://boxd.it/62z5Nj,3.5,Yes,"√© bem divertido, sem cortes, te deixa imerso na historia",,2024-03-12
2024-03-30,Thanksgiving,2023,https://boxd.it/6adYqR,3.5,,"me lembro de stab, foi divertido, um mal chamado consumismo como vil√£o",,2024-03-29
2024-04-02,Twenty Years Later,1984,https://boxd.it/6bWcbt,5,,"puurrreeee cinema, luta de classe na veia",,2024-04-01
2024-04-10,Hello Cubans,1963,https://boxd.it/6fkPS7,5,,gostei demais da forma; muito baum,,2024-04-09
2024-04-13,Monster,2023,https://boxd.it/6guuy5,3.5,,nossa,,2024-04-12
2024-05-01,The Guns,1964,https://boxd.it/6nGvaZ,5,,isso √© bom demais meu deus,,2024-04-30
2024-05-11,Fake Blonde,2007,https://boxd.it/6rRBYf,4.5,,"operaria, trabalhadora e explorada pelo poder do capital",,2024-05-10
2024-05-11,The Woman of Everyone,1969,https://boxd.it/6rZur5,5,,ELCV Cineclub bate papo com Helena Ignez,,2024-05-10
2024-05-22,Late Night with the Devil,2023,https://boxd.it/6w7Ugf,2,,"pra um formato televisivo achei legal, mas fora isso, nada mais me chamo tanta aten√ß√£o",,2024-05-20
2024-05-25,The Cabinet of Dr. Caligari,1920,https://boxd.it/6xzCkX,4.5,,ELCV - Santo Andre,,2024-05-24
2024-05-25,Bizarre Fish from the Abyssal Zone,2023,https://boxd.it/6xzDp5,3,,ELCV - Santo Andre,,2024-05-24
2024-05-31,Vertigo,1958,https://boxd.it/6A4zmL,5,,por um momento achei que todos eram loucos,,2024-05-30
2024-06-10,"Master, a Building in Copacabana",2002,https://boxd.it/6E8aZn,4.5,,a situa√ß√£o da classe trabalhadora em copacabana,,2024-06-09
2024-06-12,Rise of the Planet of the Apes,2011,https://boxd.it/6EZEqX,2.5,,"mano como pode gorilla so come mato e ser
forte assim",,2024-06-11
2024-06-12,Absolute Majority,1964,https://boxd.it/6F2TBR,4,,um campones ter que comprar 1kg de farinha √© um desaforo mesmo,,2024-06-11
2024-06-17,The Face of Another,1966,https://boxd.it/6GOM3t,4,,qual mascara vestimos para superar problemas?,,2024-06-16
2024-06-30,Across the Universe,2007,https://boxd.it/6LZZMN,2,,"tava indo bem, ai de repente desmonta toda a historia que estava sendo construindo e fica mo nada ve",,2024-06-29
2024-07-01,Butterfly,1999,https://boxd.it/6MqEIT,4,,e pensar que a espanha ate hoje vive uma monarquia,,2024-06-30
2024-07-14,The Vanishing,1988,https://boxd.it/6RRrfX,5,,n√£o acredite em her√≥is,,2024-07-13
2024-07-14,Ninotchka,1939,https://boxd.it/6RV0jr,3.5,,"propaganda anti comunista, a foto na cabeceira do lenin, num quarto de luxo, a ‚ÄúCamaradagem‚Äù, tudo soa como uma caricatura dos bolcheviques, mas ainda sim √© um filme com uma certa tens√£o na paix√£o, foi divertido.",,2024-07-13
2024-07-29,Men,2022,https://boxd.it/6YWpB1,1,,eu ein,,2024-07-28
2024-07-31,The First Omen,2024,https://boxd.it/6ZRR49,4,,"A frase que me vem a cabe√ßa com esse filme foi: ""o verdadeiro ateu √© o teologo"". Aquele que entende historicamente a religi√£o e entende o impacto dela socialmente. Em 1971 na Italia, uma revista esquerda exp√µe o plano da extrema direita em matar o presidente Italiano.

A partir desse fato o filme tomou outra perspectiva pra mim. Fato esse que o filme n√£o esclarece.

Diante desse suposto contexto, ocorrem as manifesta√ß√µes politicas que o filme coloca como ambiente em Roma. A igreja ent√£o tem plano de teocracia, um plano de aproxima√ß√£o desses jovens rebeldes e da sociedade em geral. Criar e dominar o Anticristo, fazendo articula√ß√µes politicas de interesse da igreja para garantir a religi√£o como fundamento no pensamento?

Adorei o filme demais, a transforma√ß√£o da protagonista, frente as descobertas dos fatos, frente aos desafios da descoberta da aliena√ß√£o, de atender a expectativa da f√© e da igreja. adorei mesmo",,2024-07-30
2024-08-20,Drive,2011,https://boxd.it/78Q1Tj,4,Yes,eu como bom gearhead adoro a referencia kavinsky do come√ßo( o personagem que morre numa testarrosa). Esse cara o que tem de piloto tem de emocionado pqp mas adoro o filme,,2024-08-19
2024-08-21,12 Angry Men,1957,https://boxd.it/79lfA3,5,,caraio que filma√ßo,,2024-08-21
2024-08-23,The Verdict,1982,https://boxd.it/7a6Psj,4,,do mesmo diretor de 12 angry men mas agora um advogado esfor√ßado a defender o caso,,2024-08-22
2024-08-25,Ghost Dog: The Way of the Samurai,1999,https://boxd.it/7b6sUD,4,,"o filme eh um som do wutang em formato de arte audiovisual.a forma que as varias culturas sao exibidas - a mafia italiana, a cultura samurai, o haitiano e logico o hiphop, toda narrativa guiada pela filosofia de samurai que o protagonista adota, esse mundo multicultural que se apresenta ganhou toda minha aten√ß√£o.",,2024-08-24
2024-08-26,Opening Night,1977,https://boxd.it/7bAwaT,5,,amei demais.,,2024-08-25
2024-08-29,Motel Destino,2024,https://boxd.it/7cZ1RB,4,,a cena que ta um breu e as luzes das helice da companhia de luz piscando da um ar de ‚Äúeles vao ser abduzidos‚Äù hahaha,,2024-08-28
2024-09-13,Shutter,2004,https://boxd.it/7jN3rT,3.5,,caraio,,2024-09-13
2024-09-14,Limite,1931,https://boxd.it/7kfgiB,5,,"ELCV com sonoriza√ß√£o ao vivo.

viva o cinema experimental, viva o cinema nacional, perfeito.",,2024-09-14
2024-09-15,The Meg,2018,https://boxd.it/7kuYb5,2,,duas estrelas por causa da cena do barco,,2024-09-14
2024-09-19,Blood and Black Lace,1964,https://boxd.it/7mnvQd,4,,ninguem ta puro na santa crcilia,,2024-09-18
2024-09-24,"Sal√≤, or the 120 Days of Sodom",1975,https://boxd.it/7oIIgH,5,,"‚Äúporque Deus, nos abandonastes?‚Äù",,2024-09-24
2024-10-10,Apartment 7A,2024,https://boxd.it/7vYxqV,4,,oxi entendi mt bem o hate todo nao,,2024-10-09
2024-10-11,Serpico,1973,https://boxd.it/7wxqXD,3.5,,os outfit do frank eh mt style,,2024-10-11
2024-10-19,Night on Earth,1991,https://boxd.it/7Aq52j,4,,Gena Rowlands e Giancarlo Esposito foi uma surpresa muito agrad√°vel,,2024-10-18
2024-10-20,Belle de Jour,1967,https://boxd.it/7AF9tj,5,,meu deus esse filme acabo comigo,,2024-10-19
2024-10-21,Wonder Woman 1984,2020,https://boxd.it/7BjHJZ,4,,"um bom filme de her√≥i. brega porem, lindo",,2024-10-20
2024-10-21,F for Fake,1973,https://boxd.it/7BxnOX,5,,"isso foi muito legal, me lembrou os textos do
walter benjamim em v√°rios momentos",,2024-10-20
2024-10-22,Belly,1998,https://boxd.it/7BQFdj,5,,"que obra de arte!
deve representar a hist√≥ria de muita gente na periferia, principalmente com os anos 90 e se me permitirem fazer um paralelo, pelo que ‚Äúsobrevivendo no inferno‚Äù conta do que era aquele tempo.
Nas e Dmx como protagonista, os jogos de luze, a posicao da camera, a intro a capella, a propria mise en scene √© simplesmente impec√°vel pra mim. perfeito

So a legenda em prbr que tava uma merda hahahaha e na amazon (mgn+) tem o filme mas n tem legenda em ptbr",,2024-10-21
2024-11-03,The Gambler,1974,https://boxd.it/7IuSil,3.5,,maluco sem fim porra,,2024-11-03
2024-11-04,Death Proof,2007,https://boxd.it/7IPrxZ,5,Yes,"o melhor filme pra quem √© gearhead e cinefilo, boa trilha e o final do vil√£o √© muito bom!",,2024-11-03
2024-11-09,Rashomon,1950,https://boxd.it/7LcWdb,5,,"√© sobre narrativa, mas √© sobre tamb√©m justi√ßa.",,2024-11-08
2024-11-16,Used Cars,1980,https://boxd.it/7OCdAt,4,,o cachorro √© o melhor ator. √â absurdo em v√°rios aspectos mas isso pra mim foi lindo,,2024-11-15
2024-11-17,Theorem,1968,https://boxd.it/7P1mqn,5,,e se Deus fizesse sexo com a burguesia e tocasse ela a ponto de abrir m√£o da sua fabrica?,,2024-11-16
2024-11-17,Casa de Farinha,1970,https://boxd.it/7Pn5uB,5,,saudando a mandioca,,2024-11-16
2024-11-17,Pulp Fiction,1994,https://boxd.it/7Pyrzl,4,,o vicent √© muito cuzao,,2024-11-17
2024-11-18,I'm Still Here,2024,https://boxd.it/7PLF5P,5,,‚Äútodo mundo ta em perigo Eunice‚Äù,,2024-11-17
2024-11-18,Inglourious Basterds,2009,https://boxd.it/7Q19e3,3,,"achei bobinho, apesar de momentos bem bons.",,2024-11-17
2024-11-21,Lady on the Bus,1978,https://boxd.it/7RagqR,4,,"a bela da tarde ataca novamente, agora em terras tupiniquins. destruindo os valores da burguesia",,2024-11-20
2024-11-21,Night and Fog,1956,https://boxd.it/7RbDxt,5,,"pesado demais.

de tudo que ja vi sobre nazismo, isso pareceu bem documental. cinema √© mem√≥ria.",,2024-11-20
2024-12-09,Where Is the Friend's House?,1987,https://boxd.it/80dR8d,5,,"caraios adultos, melhorem",,2024-12-08
2024-12-11,A Streetcar Named Desire,1951,https://boxd.it/81o8Ux,4,,que cara insuport√°vel mano,,2024-12-10
2024-12-12,M,1931,https://boxd.it/81Go0r,5,,"‚Äú√© preciso vigiar nossas crian√ßas mais de perto‚Äù

o uso do som nesse filme √© absurdo, sentir a presen√ßa do inimigo sem o ver √© genial.",,2024-12-11
2024-12-14,The Driver,1978,https://boxd.it/832cUv,4,,"um filme que nunca tinha visto e foi nost√°lgico lembrar do jogo de ps1 hajajaj
detetive cuzao demais, isabelle adjani, persegui√ß√£o, v8, e uma narrativa bem daora",,2024-12-14
2024-12-15,Blood of the Condor,1969,https://boxd.it/83ejHH,5,,"‚Äúgringos trazem desgra√ßa‚Äù

toda desgra√ßa que um slogan de possivel ‚Äúdesenvolvimento‚Äù a uma na√ß√£o de terceiro mundo causada pelo imperialismo. deixando bem claro todo o racismo e explora√ß√£o que o povo sofreu nessa industrializa√ß√£o do sul global.",,2024-12-14
2024-12-15,Dead for a Dollar,2022,https://boxd.it/83n0Bt,3.5,,√© um bom filme mas nhe,,2024-12-14
2024-12-19,Dersu Uzala,1975,https://boxd.it/85Ex2N,5,,isso √© realmente incr√≠vel em muitos n√≠veis,,2024-12-18
2024-12-23,The Spirit of the Beehive,1973,https://boxd.it/87TVGl,5,,bel√≠ssima pel√≠cula,,2024-12-22
2024-12-24,Juror #2,2024,https://boxd.it/88nbAV,3,Yes,"vendo uma segunda vez meio nhe, atua√ß√µes, os di√°logos, ficam pra tras",,2024-12-22
2024-12-26,Heretic,2024,https://boxd.it/8a2JSP,1.5,,porra pra onde vai/foi esse filme? hahahaha,,2024-12-25
2024-12-27,Night and Fog,1956,https://boxd.it/8bctqz,5,Yes,"memoria, memoria e memoria",,2024-12-26
2025-01-04,Phoenix,2014,https://boxd.it/8iXPY1,5,,"esse marido ganho o premio de maior arrombado de todos os tempos

final √© perfeito, pqp!!!!",,2025-01-03
2025-01-09,A German Youth,2015,https://boxd.it/8nEB1L,5,Yes,√© sempre bom demais rever esse filme,,2025-01-08
2025-01-24,Los Angeles Plays Itself,2003,https://boxd.it/8Ar2HD,5,,"mem√≥rias, mem√≥rias e mem√≥rias.

o que pensar sobre essa industria cultural imperialista? podre, desfigurando a pr√≥pria realidade em troca de acumulo de capital.
ja quero rever",,2025-01-23
2025-01-25,The Spook Who Sat by the Door,1973,https://boxd.it/8Bk72b,5,,"organize-se, n√£o use drogas e venha para a luta, foda demais!!!",,2025-01-24
2025-01-28,Rockers,1978,https://boxd.it/8DxPkn,5,,‚Äúthey tried to fool the whole black population but Jah not dead‚Äù,,2025-01-27
2025-01-30,Bring It On,2000,https://boxd.it/8Fpkxx,5,,5 estrelas pq esse deve ser o filme preferido do phill,,2025-01-29
2025-01-31,Baadasssss!,2003,https://boxd.it/8FOMSt,5,,"tai Sweeback nosso heroi, que quase deu a vida pela revolucao que ele acreditava.",,2025-01-30
2025-01-31,Killer of Sheep,1978,https://boxd.it/8FSJlz,5,,"parece que a c√¢mera os persegue a comunidade, num sofrimento cotidiano sem saida, um racismo escancarado, e com os olhares das crian√ßas que crescem em meio a tanta desgra√ßa.",,2025-01-30
2025-02-02,La Belle Noiseuse,1991,https://boxd.it/8H3i8f,4,,4h de filme √© de fud,,2025-02-01
2025-02-04,First Reformed,2017,https://boxd.it/8J1spp,4.5,,"como a f√© pode caminhar ao lado da cobi√ßa, ganancia por grandes empresas no seu √∫nico objetivo verdadeiro que √© a acumula√ß√£o do capital?
como um padre lida com um cidad√£o desesperan√ßo com o mundo material, a nega√ß√£o da ciencia e a aliena√ß√£o por uma maioria?¬†
Uma narrativa bem interessante de contar a hist√≥ria de um padre lidando com todas essas quest√µes materiais do mundo que uma boa parcela nega.¬†
Sem contar algumas referencias bem diretas ao meu ver como ‚ÄúO setimo selo‚Äù do Bergman em alguns momentos.¬†
O melhor da A24 que eu vi ate agora eu acho. E o primeiro que vejo do Schrader",,2025-02-03
2025-02-06,Gone in 60 Seconds,1974,https://boxd.it/8KgXlR,4,,minha falha de car√°ter √© ser gearhead,,2025-02-05
2025-02-08,Soundtrack to a Coup d'Etat,2024,https://boxd.it/8LrmfD,5,,"Patrice Lumumba ‚úäüèæ‚úäüèæ

Se ‚ÄúAinda estou aqui‚Äù ganha melhor filme no Oscar, esse pode ganhar de melhor document√°rio.",,2025-02-07
2025-02-14,Rio Babilonia,1982,https://boxd.it/8P2qpt,4.5,,"Come√ßar pela trilha, que foi uma surpresa conhecer todos os arranjos por ter tido a oportunidade de ter contato com o trabalho de Robson Jorge e Lincoln Olivetti

‚ÄúNo Brasil, traficante se vicia, puta goza, cafet√£o se apaixona e o d√≥lar no mercado negro √© mais baixo que o d√≥lar oficial.‚Äù",,2025-02-13
2025-02-18,Copacabana Mon Amour,1970,https://boxd.it/8S2IJ9,5,,"meu que trilha daora do gilberto gil, a combina√ß√£o das imagens, da nisso, cinema de terceiro mundo, perfeito",,2025-02-17
2025-02-23,L.A. Confidential,1997,https://boxd.it/8V6eu9,4,,tudo √© pol√≠tico,,2025-02-22
2025-02-23,Property Is No Longer a Theft,1973,https://boxd.it/8VjgUf,4,,hipocrisia do homem de bem,,2025-02-22
2025-02-25,Under the Silver Lake,2018,https://boxd.it/8WJEYr,4,,"oxi pareceu um filme do hitchcock, bem legal",,2025-02-24
2025-03-09,Le Mans,1971,https://boxd.it/93SNGn,4.5,,"O primeiro quarto do filme √© quase silencioso, com di√°logos limitados ao megafone da corrida. √â uma apoteose de uma disputa comercial em Le Mans, Fran√ßa, em 1970, palco de marketing das grandes montadoras como Ford, Ferrari e, no filme, principalmente a Porsche. Uma obra-prima que vai al√©m de um document√°rio ficcional, especialmente pelo uso de found footage. O protagonista √© a corrida em si, e n√£o a hist√≥ria, destacando a paix√£o de McQueen. O filme transforma um tema simples em uma experi√™ncia emocional, onde o som do motor e a adrenalina falam alto. Nunca imaginei ver um filme sobre carros t√£o cheio de sentimento e beleza.",,2025-03-08
2025-03-15,Martyrs,2008,https://boxd.it/97W4ex,4.5,,isso aqui me lembro Sal√≤ do Pasolini,,2025-03-14
2025-03-17,The Butcher,1970,https://boxd.it/9957bN,4,,eita porra eita caraio,,2025-03-16
2025-03-22,Z,1969,https://boxd.it/9bYqll,5,,"caralho, aquele filme que da vontade de arrebenta um facista",,2025-03-21
2025-03-24,Elite Squad,2007,https://boxd.it/9d8MN1,3,,a guerra √© a estetica do facismo,,2025-03-23
2025-04-04,Isle of Flowers,1989,https://boxd.it/9ja01h,5,,"‚Äúd√£o aos porcos, provas de historias‚Äù",,2025-04-03
2025-04-14,Fast Company,1979,https://boxd.it/9p5TNz,1,,me senti assistindo um filme adolescente bobo,,2025-04-13
2025-04-15,Zabriskie Point,1970,https://boxd.it/9pLokl,5,,pure sound and vision,,2025-04-15
2025-04-20,Diabolique,1955,https://boxd.it/9sHUph,3.5,,hahaha ai caraio,,2025-04-19
2025-05-03,Presence,2024,https://boxd.it/9AdnYl,1,,pareceu um ep do this is us,,2025-05-02
2025-05-05,The Hour and Turn of Augusto Matraga,1965,https://boxd.it/9BAsXn,5,,se √© pra algu√©m morrer que seja pra melhorar,,2025-05-04
2025-05-05,The Dare,1965,https://boxd.it/9BKsIx,5,,achei maluco pensa no golpe e esse filme rolando e ao mesmo tempo lembrei do sentimento da epoca do inomin√°vel,,2025-05-04
2025-05-08,Dreams,1990,https://boxd.it/9DthjP,5,,"Dreams, de Kurosawa, √© um filme onde a natureza aparece como for√ßa maior, bela e indiferente, enquanto o ser humano vive em conflito com ela e consigo mesmo. H√° algo nietzschiano na camera: a vida √© mostrada como algo que deve ser afirmado, mas o ser humano insiste em neg√°-la, seja por guerra, gan√¢ncia ou medo.

Kurosawa n√£o faz um cinema preso √† l√≥gica burguesa, um ‚Äúrealismo objetivo‚Äù. Aqui, o importante √© o sentir, o cinema como arte que expressa o que n√£o se explica. Em vez de representar o mundo de forma fria ou racional, o filme revela um niilismo no sentido nietzschiano: a perda dos valores que afirmam a vida, a desconex√£o com o natural, o instintivo, o essencial. √â um mundo onde o ser humano j√° n√£o sabe mais por que vive, e segue destruindo o que o sustenta.",,2025-05-07
2025-05-14,Araby,2017,https://boxd.it/9GRDcB,4,,vamo todo mundo ir pra casa e deixa o trabalho pega fogo,,2025-05-13
2025-05-17,Downfall,2004,https://boxd.it/9IaMXD,0.5,,"O mais revoltante em A Queda √© como o horror do Holocausto vira quase uma nota de rodap√©. Enquanto isso, o filme gasta tempo tentando dar profundidade emocional pra burguesia alem√£ que tava lado a lado com os nazistas at√© o fim.

√â bizarro ver tanto esfor√ßo em mostrar Hitler como um velho quebrado, chorando, como se isso fosse significar alguma coisa. A trag√©dia verdadeira, o genoc√≠dio, o rastro de morte, fica l√° no fundo, quase fora de cena.

O momento mais honesto √© quando a crian√ßa ouve o tiro no quarto do Hitler e diz: ‚ÄúNa mosca.‚Äù Frio, direto. Sem apelo dram√°tico barato. O resto parece mais interessado em passa um pano pro partido nazista.",,2025-05-16
2025-05-26,Ganja & Hess,1973,https://boxd.it/9O1d3r,5,,"""Ele √© um viciado. N√£o √© um criminoso, √© uma v√≠tima. Ele √© viciado em sangue.""",,2025-05-25
2025-06-02,A Trip to the Moon,1902,https://boxd.it/9S8MXf,,,que brisa ein mano,,2025-06-01
2025-06-02,One Cut of the Dead,2017,https://boxd.it/9SsFIH,5,,Pom!,,2025-06-01
2025-06-02,Phantom of the Paradise,1974,https://boxd.it/9Sxk9L,4,,finalmente um musical pra chama de meu,,2025-06-01
2025-06-06,"Local Power, Popular Power",1970,https://boxd.it/9UIwF5,5,,"o esp√≠rito revolucion√°rio ilumina o caminho de cada cubano, lindo",,2025-06-05
2025-06-07,Human Traffic,1999,https://boxd.it/9Vh5YT,3.5,,"gosto que menciona bem o movimento jungle, mas gostei mais de como a paranoia √© trabalhada nesse filme. bem divertido",,2025-06-06
2025-06-07,The Given Word,1962,https://boxd.it/9Vmxyp,5,,"Quando a Igreja Cat√≥lica chegou ao Brasil, veio tentando ser a dona da f√©, junto com o poder e o dinheiro. Isso continua at√© hoje, agora com a for√ßa da bancada evang√©lica. A religi√£o virou uma forma de controle.

O Pagador de Promessas mostra isso muito bem. Z√© do Burro √© s√≥ um homem simples, cheio de f√©, que fez uma promessa num terreiro pra Santa B√°rbara (Ians√£). Ele n√£o quer briga, s√≥ quer cumprir sua palavra. Mas o sistema n√£o aceita.

A igreja, a m√≠dia e a pol√≠tica se juntam pra barrar ele. Z√© vira alvo de intoler√¢ncia e desprezo. E a cruz que ele carrega n√£o √© s√≥ dele, √© a cruz de um povo que sofre, que √© explorado, e que sempre teve sua f√© usada contra si.

O filme mostra como (at√© hoje) as religi√µes de matriz africana s√£o perseguidas e deslegitimadas. E como o poder ainda usa a f√© pra manter tudo como est√°, junto com a m√≠dia e politicos com interesses pr√≥prios.",,2025-06-06
2025-06-09,Black Christmas,1974,https://boxd.it/9WJdxh,5,,porra eu fiquei com muito medo!!!,,2025-06-08
2025-06-10,Jacob's Ladder,1990,https://boxd.it/9Xjb5d,2.5,,"nhe final explica tudo, tava melhor sem entende nada hahahah",,2025-06-09
2025-06-13,The Devil's Own,1997,https://boxd.it/9ZdLGZ,2,,a political movie afraid to be political movie,,2025-06-13
2025-06-25,Obsession,1976,https://boxd.it/a73v19,5,,verrrtigo,,2025-06-24
2025-06-30,Civil War,2024,https://boxd.it/aaBSGp,2.5,,simplesmente zero empatia por qlqr personagem,,2025-06-30
2025-07-04,Umberto D.,1952,https://boxd.it/acYkh5,5,,filme com cachorrinho fofo eh foda,,2025-07-03
2025-07-07,Dawn of the Dead,1978,https://boxd.it/aeF7Id,5,,mais f√°cil enxergar o fim do mundo do que o fim do capitalismo,,2025-07-06
2025-07-26,Men and Women,1964,https://boxd.it/au15ML,5,,"A classe burguesa, que apesar de ter acesso a tudo, vive frustrada, entediada, desconectada. Eles t√™m ‚Äúpoder social‚Äù(dinheiro, status, prest√≠gio) mas n√£o t√™m pot√™ncia emocional nenhuma. S√£o ricos, mas impotentes diante da pr√≥pria solid√£o. Mostrando que dinheiro n√£o tr√°s realiza√ß√£o alguma.

Esses personagens est√£o t√£o inseridos numa l√≥gica de troca (grana por afeto, sexo por presen√ßa) que j√° n√£o conseguem mais se relacionar de verdade. Tudo √© mercadoria, at√© o sentimento. As rela√ß√µes s√£o frias, calculadas, sem alma.

As prostitutas sabem que o jogo √© esse: vender companhia pra homens vazios. Mas mesmo com alguma liberdade dentro do sistema, tamb√©m est√£o presas numa l√≥gica onde tudo tem pre√ßo e nada tem valor.

Noite Vazia √© sobre o colapso das rela√ß√µes humanas numa sociedade onde at√© o prazer √© capitalizado. Um retrato da classe dominante em crise existencial, afogada em consumo, mas com o cora√ß√£o seco.

ps: essa trilha(esse √°lbum especificamente que toca no filme) do zimbo trio √© muito foda irmao!",,2025-07-26
2025-08-06,Bram Stoker's Dracula,1992,https://boxd.it/aCNP2n,4,,"O monstro √© desejo e repulsa ao mesmo tempo, ao mesmo tempo √©, o inverso aos valores da sociedade de sua √©poca, √© aquele que a sociedade o isolou e este busca apenas ser amado novamente.",,2025-08-05
2025-08-13,The Searchers,1956,https://boxd.it/aIfhIl,2,,"‚ÄúVAI A P√â OTARIO‚Äù
que odio desse filme",,2025-08-12
2025-08-18,That Most Important Thing: Love,1975,https://boxd.it/aLR10P,5,,!!!!! - fetichismo da mercadoria,,2025-08-17
2025-09-11,L'Argent,1983,https://boxd.it/b2d8gX,5,,"‚ÄúO direito burgu√™s se apresenta como neutro e universal, mas na verdade reproduz e legitima as desigualdades sociais.‚Äù",,2025-09-10
2025-10-01,Year of the Dragon,1985,https://boxd.it/be0gbD,4,,"o verdadeiro antagonista n√£o √© o crime, mas o Estado(express√£o dos interesses burgueses) que organiza a viol√™ncia para manter a ordem e refor√ßar hierarquias de ra√ßa e classe. quem o enfrenta, como o protagonista, ataca apenas os sintomas. o combate ao crime vira espet√°culo e legitima a repress√£o. veterano do vietn√£, o protagonista carrega uma vis√£o de mundo moldada pela guerra, onde o ""inimigo"" √© sempre racializado. seu racismo n√£o √© apenas pessoal, mas parte estrutural da fun√ß√£o que ocupa. ele n√£o rompe com o sistema, ele o reproduz.",,2025-09-30
2025-10-02,Desperate Hours,1990,https://boxd.it/beK2Hd,4,,"mano, o que esse filme deve ter de simbologia n√£o t√° escrito",,2025-10-01
2025-10-05,Spontaneous Combustion,1989,https://boxd.it/bgn1v3,3.5,,‚Äúamerica first nuclear family‚Äù,,2025-10-04
2025-10-06,A Fistful of Dollars,1964,https://boxd.it/bh1q39,3,,"Yojimbo(Kurosawa) bem n√≠tido como refer√™ncia aqui

edit: descobri que o kurosawa processou serginho por causa desse filme",,2025-10-05
2025-10-13,The Priest and the Girl,1966,https://boxd.it/blUO05,5,,"Glauber Rocha:
‚Äú(‚Ä¶) um ascetismo proximo a Robert Bresson, Joaquim Pedro revigora o tema pelas alegorias que n√£o disse; e sua arte do n√£o se fez pela arte do sim; o seu sil√™ncio grita‚Äù

Referencia de ‚ÄúDi√°rio de um p√°roco‚Äù de Robert Bresson. Ambos em suas jornadas ontol√≥gicas conflituosas entre o ser e o ter. Um pelo desejo da carne o outro por uma busca espiritual onde se v√™ fracassado. Como no cinema de Bresson onde explora o limite desses conflitos existenciais natural do ser, o padre de ‚ÄúDi√°rio de um p√°roco‚Äù pra ser, encontra sentido na entrega total, mesmo na dor, em ‚ÄúO padre e a mo√ßa‚Äù, seu ser est√° em suspens√£o, sem respostas, √† merc√™ de for√ßas externas e internas.",,2025-10-12
2025-10-15,Strawberry and Chocolate,1993,https://boxd.it/bnee5H,5,,"‚ÄúLos errores no son la Revoluci√≥n, son una parte de la revoluci√≥n, pero no es la Revoluci√≥n, ¬øentiendes?‚Äù

Morango e Chocolate mostra como o di√°logo, o confronto de ideias e o aprendizado m√∫tuo podem revelar a for√ßa da diferen√ßa como caminho para uma liberdade pessoal. A rela√ß√£o entre David, um estudante comunista, e Diego, um intelectual homossexual, simboliza o choque entre o regime totalit√°rio cubano e a busca por liberdade art√≠stica, entre o que √© imposto como senso comum e o desejo pessoal, entre o pensamento materialista dial√©tico e a sensibilidade humana. Cada cena traz um peso hist√≥rico e emocional, e os di√°logos v√£o al√©m do que est√° escrito: h√° uma verdade ali que toca profundamente. O filme convida a enxergar o outro com profundidade, e isso, por si s√≥, j√° √© um ato revolucion√°rio",,2025-10-14
2025-10-25,Daguerr√©otypes,1975,https://boxd.it/btw3fV,5,,"O filme se situa entre a fotografia e o cinema, entre o fixo e o movimento, entre o nascimento e a maturidade da imagem t√©cnica. Benjamin via no daguerre√≥tipo o in√≠cio da crise da aura; Varda sugere que a mem√≥ria pode sobreviver √† t√©cnica, desde que haja um olhar sens√≠vel. Sua c√¢mera n√£o destr√≥i a aura, mas a faz ressurgir no cotidiano, como se dissesse a Benjamin que ainda √© poss√≠vel reencontr√°-la na vida comum, quando o olhar √© ao mesmo tempo pol√≠tico e po√©tico.",,2025-10-24
2025-12-10,La Jet√©e,1962,https://boxd.it/bZI9AH,5,Yes,"a escolha no uso de fotografias como condutor da narrativa pode soar meio paia, mas √© incr√≠vel como surge uma narrativa hipn√≥tica e potente.
essa √© a segunda vez que vejo La Jet√©e e ja tinha achado incr√≠vel, mas apareceu pra mim entre esse per√≠odo algo como:‚Äùsimultaneamente somos passado, presente e futuro‚Äù algo vago, e dai me surgiu a vontade de rever La Jet√©e.¬†

o tempo n√£o √© apresentado como neutro ou metaf√≠sico apenas, mas uma for√ßa real que atravessa o sujeito. o experimento temporal realizado sobre o protagonista revela a forma extrema da instrumentaliza√ß√£o do corpo e da mem√≥ria. o valor do individuo n√£o est√° em sua vida concreta, livre arb√≠trio, ou liberdade como os neoliberais gostam de afirmar, mas em sua capacidade de sustentar uma imagem que possa ser explorado para garantir a sobreviv√™ncia futura de uma sociedade devastada, uma vez que o filme acontece no p√≥s ‚ÄúTerceira Guerra Mundial‚Äù. essa imagem atravessa toda a sua vida porque a hist√≥ria n√£o se apresenta como sucess√£o livre de momentos, mas como estrutura que se repete e se imp√µe. o tempo, assim, torna-se algo a ser explorado, acumulado e dominado por aqueles que det√™m os meios t√©cnicos e pol√≠ticos. o protagonista n√£o escolhe sua lembran√ßa fundadora, ela √© imposta. o filme exp√µe esse loop hist√≥rico da domina√ß√£o. o futuro que prometia salva√ß√£o repete a viol√™ncia do presente, que j√° estava inscrita no passado e as rela√ß√µes de poder permanecem intactas. √© passado porque carrega uma mem√≥ria que o constitui, √© presente porque seu corpo sofre a viol√™ncia concreta do experimento e √© futuro porque sua exist√™ncia √© constantemente justificada por aquilo que ainda n√£o ocorreu. o sujeito √© dominado pelo tempo. o tempo n√£o √© emancipador apenas reorganiza a mesma estrutura de explora√ß√£o.",,2025-12-09
2025-12-10,Tropical Paths,1977,https://boxd.it/bZITYF,5,,"mano, muito bom!",,2025-12-09
2025-12-17,The Blue Trail,2025,https://boxd.it/c58A6h,3.5,,me lembrou My favorite cake,,2025-12-16
2026-01-05,Downtown '81,2000,https://boxd.it/cs1wMV,2.5,,"a perda do som, a dublagem tardia n√£o s√£o falhas t√©cnicas apenas, mas marcas materiais do abandono. enquanto o artista vive, sua produ√ß√£o √© precarizada; quando morre, ela √© mercantilizada.

dito isso,a historia da produ√ß√£o do filme com a historia do filme parecem ser espirais, dois lados de uma mesma moeda.¬†uma historia sobre a produ√ß√£o cultural no capitalismo no come√ßo dos anos 80.

tinha muito potencial eu acho, mas parece um grande videoclipe.
uma pena :/",,2026-01-04
2026-01-08,The Incredible Shrinking Man,1957,https://boxd.it/cvTCRR,5,,√© incrivel mesmo!,,2026-01-07
